month_end_date,firm_crd_number,branch_id,branch_name,advisor_id,advisor_name,account_count,beginning_aum,ending_aum,net_new_assets,revenue,avg_fee_rate,aum_growth_rate,revenue_per_account
2026-01-31,100000,BR-00001,Northstar Wealth Advisors - White Plains 1,ADV-000001,Morgan Parker 1,45,150418702.46,150330849.13,-567754.91,49666.6,0.01037111111111111,-0.0005840585549750733,1103.7022222222222
2026-01-31,100000,BR-00001,Northstar Wealth Advisors - White Plains 1,ADV-000002,Casey Campbell 2,50,174744116.14,176772781.98,1312229.98,93439.68,0.007888000000000001,0.011609351346483646,1868.7936
2026-01-31,100000,BR-00001,Northstar Wealth Advisors - White Plains 1,ADV-000003,Taylor Patel 3,32,61066825.32,62730018.04,662600.31,29991.63,0.009734375,0.027235617887201455,937.2384375
2026-01-31,100000,BR-00001,Northstar Wealth Advisors - White Plains 1,ADV-000004,Cameron Lee 4,56,73913398.89,74137924.66,3780.749999999989,37502.51,0.010667857142857144,0.0030376869873639744,669.6876785714286
2026-01-31,100000,BR-00001,Northstar Wealth Advisors - White Plains 1,ADV-000005,Morgan Parker 5,24,56102106.26,56610975.559999995,14411.429999999993,33623.35,0.008845833333333332,0.009070413464366017,1400.9729166666666
2026-01-31,100000,BR-00001,Northstar Wealth Advisors - White Plains 1,ADV-000006,Avery Patel 6,21,44963896.75,44637081.69,344394.66,25158.39,0.009157142857142857,-0.007268388276423181,1198.0185714285715
2026-01-31,100000,BR-00002,Northstar Wealth Advisors - Colorado Springs 2,ADV-000007,Casey Chen 7,35,474651727.23,478948570.54,431776.3,170051.76,0.005685714285714286,0.009052623352022268,4858.621714285715
2026-01-31,100000,BR-00002,Northstar Wealth Advisors - Colorado Springs 2,ADV-000008,Casey Parker 8,21,83007417.1,83554119.13,-579592.77,52221.17,0.008276190476190477,0.006586182887023011,2486.7223809523807
2026-01-31,100000,BR-00002,Northstar Wealth Advisors - Colorado Springs 2,ADV-000009,Taylor Brooks 9,58,126506818.99000001,126556552.95,-29441.209999999952,68223.82,0.00956896551724138,0.00039313264215365943,1176.2727586206897
2026-01-31,100000,BR-00002,Northstar Wealth Advisors - Colorado Springs 2,ADV-000010,Riley Patel 10,51,165129988.05,167910778.17000002,354990.95,80767.1,0.009368627450980393,0.016840006790032613,1583.6686274509805
2026-01-31,100000,BR-00002,Northstar Wealth Advisors - Colorado Springs 2,ADV-000011,Taylor Brooks 11,43,131215083.26,131578851.84,573595.56,68161.54,0.009513953488372093,0.002772307656728748,1585.1520930232557
2026-01-31,100000,BR-00002,Northstar Wealth Advisors - Colorado Springs 2,ADV-000012,Taylor Patel 12,39,125620071.53,125007707.85,-360563.64999999997,59840.5,0.01021025641025641,-0.0048747279996076524,1534.371794871795
2026-01-31,100001,BR-00003,Cedar Ridge Capital Management - Naperville 1,ADV-000013,Riley Rivera 13,35,59921178.550000004,59264850.029999994,93150.33000000002,24922.170000000002,0.010705714285714285,-0.010953197782188994,712.062
2026-01-31,100001,BR-00003,Cedar Ridge Capital Management - Naperville 1,ADV-000014,Avery Lee 14,44,113577575.56,114750153.00999999,629267.25,53375.5,0.010170454545454545,0.01032402253894341,1213.0795454545455
2026-01-31,100001,BR-00003,Cedar Ridge Capital Management - Naperville 1,ADV-000015,Jordan Patel 15,34,91748925.63,90418125.62,-96945.24000000003,55232.32,0.009291176470588235,-0.014504802109255942,1624.48
2026-01-31,100001,BR-00003,Cedar Ridge Capital Management - Naperville 1,ADV-000016,Alex Parker 16,55,162884697.44,165466161.23,716104.0800000001,74152.23,0.009083636363636363,0.015848411978362155,1348.2223636363635
2026-01-31,100001,BR-00003,Cedar Ridge Capital Management - Naperville 1,ADV-000017,Riley Brooks 17,44,177680701.78,178140800.35,-712805.29,95913.03,0.007888636363636363,0.0025894684419339804,2179.841590909091
2026-01-31,100001,BR-00003,Cedar Ridge Capital Management - Naperville 1,ADV-000018,Taylor Lee 18,21,18619868.65,18965189.32,184037.44999999998,12349.85,0.010985714285714284,0.018545816648389828,588.0880952380952
2026-01-31,100001,BR-00004,Cedar Ridge Capital Management - Chicago 2,ADV-000019,Casey Brooks 19,44,169593262.37,170930359.52,756129.14,85295.68,0.008215909090909091,0.00788414074541991,1938.5381818181816
2026-01-31,100001,BR-00004,Cedar Ridge Capital Management - Chicago 2,ADV-000020,Riley Patel 20,51,76431343.0,76949451.45,-213629.85,46251.4,0.011027450980392157,0.006778743244116527,906.8901960784314
2026-01-31,100001,BR-00004,Cedar Ridge Capital Management - Chicago 2,ADV-000021,Cameron Parker 21,41,142478102.58,144015833.56,305107.92000000004,81821.13,0.008763414634146342,0.010792753076821534,1995.6373170731708
2026-01-31,100001,BR-00004,Cedar Ridge Capital Management - Chicago 2,ADV-000022,Morgan Brooks 22,39,152942645.67,153614579.74,-468770.85,87984.71,0.008158974358974358,0.004393372869002383,2256.0182051282054
2026-01-31,100001,BR-00005,Cedar Ridge Capital Management - Chicago 3,ADV-000023,Riley Patel 23,28,43549442.67,43515776.78,-110636.83000000002,25046.63,0.009328571428571427,-0.0007730498471612379,894.5225
2026-01-31,100001,BR-00005,Cedar Ridge Capital Management - Chicago 3,ADV-000024,Riley Campbell 24,31,78188446.65,78290175.44,-893807.56,37685.72,0.009416129032258065,0.0013010718892442871,1215.6683870967743
2026-01-31,100001,BR-00005,Cedar Ridge Capital Management - Chicago 3,ADV-000025,Casey Chen 25,25,121984906.31,124495845.15,626923.62,58238.47,0.007228,0.020584012530361417,2329.5388000000003
2026-01-31,100001,BR-00006,Cedar Ridge Capital Management - Naperville 4,ADV-000026,Avery Lee 26,19,55287153.42,55981519.41,-136954.12000000002,31224.76,0.008552631578947369,0.012559264622019938,1643.4084210526314
2026-01-31,100001,BR-00006,Cedar Ridge Capital Management - Naperville 4,ADV-000027,Taylor Campbell 27,42,225193580.29,227026873.89000002,524100.72,87910.04,0.00815,0.008140967418516741,2093.0961904761903
2026-01-31,100001,BR-00006,Cedar Ridge Capital Management - Naperville 4,ADV-000028,Riley Chen 28,41,178948228.3,181128930.99,740797.86,77420.69,0.0076585365853658535,0.012186221180933578,1888.309512195122
2026-01-31,100001,BR-00006,Cedar Ridge Capital Management - Naperville 4,ADV-000029,Cameron Brooks 29,48,112784308.28999999,114622477.86,11653.080000000016,53039.88,0.010747916666666668,0.01629809676425518,1104.9975
2026-01-31,100001,BR-00007,Cedar Ridge Capital Management - Chicago 5,ADV-000030,Jordan Chen 30,22,109466409.27,110868619.58,535287.51,48698.88,0.008136363636363636,0.012809503110140725,2213.5854545454545
2026-01-31,100001,BR-00007,Cedar Ridge Capital Management - Chicago 5,ADV-000031,Cameron Patel 31,56,136130545.37,137202836.14,248934.09000000003,78189.7,0.00995,0.007876929950478909,1396.2446428571427
2026-01-31,100001,BR-00007,Cedar Ridge Capital Management - Chicago 5,ADV-000032,Morgan Lee 32,59,763835596.86,768875945.15,1471546.6800000002,302209.67,0.007011864406779662,0.006598734479932577,5122.1977966101695
2026-01-31,100001,BR-00007,Cedar Ridge Capital Management - Chicago 5,ADV-000033,Casey Campbell 33,45,197861354.4,198006632.97,-161374.25999999998,109411.74,0.007615555555555556,0.0007342442916179333,2431.3720000000003
2026-01-31,100001,BR-00007,Cedar Ridge Capital Management - Chicago 5,ADV-000034,Cameron Rivera 34,38,114177309.0,115036361.78,-655228.37,64487.42,0.009221052631578948,0.007523848543321346,1697.0373684210526
2026-01-31,100001,BR-00007,Cedar Ridge Capital Management - Chicago 5,ADV-000035,Jordan Brooks 35,42,109215303.0,110609316.47,639831.59,56195.45,0.009557142857142856,0.012763902417594343,1337.9869047619047
2026-01-31,100001,BR-00007,Cedar Ridge Capital Management - Chicago 5,ADV-000036,Cameron Morgan 36,54,102046994.21000001,103877374.21,-195555.03999999998,57938.2,0.009827777777777777,0.017936638057494285,1072.9296296296295
2026-01-31,100001,BR-00007,Cedar Ridge Capital Management - Chicago 5,ADV-000037,Casey Campbell 37,15,44836383.64,44819597.1,198341.18,21884.41,0.008159999999999999,-0.0003743954939537828,1458.9606666666666
2026-02-28,100000,BR-00001,Northstar Wealth Advisors - White Plains 1,ADV-000001,Morgan Parker 1,45,150330849.13,150548499.21,343941.94999999995,49338.69,0.01037111111111111,0.0014478071617343036,1096.4153333333334
2026-02-28,100000,BR-00001,Northstar Wealth Advisors - White Plains 1,ADV-000002,Casey Campbell 2,50,176772781.98,179328616.06,1053831.53,94619.74,0.007888000000000001,0.01445830094074765,1892.3948
2026-02-28,100000,BR-00001,Northstar Wealth Advisors - White Plains 1,ADV-000003,Taylor Patel 3,32,62730018.04,60501547.730000004,-500650.37,29900.800000000003,0.009734375,-0.03552478350283597,934.4000000000001
2026-02-28,100000,BR-00001,Northstar Wealth Advisors - White Plains 1,ADV-000004,Cameron Lee 4,56,74137924.66,75119632.33,-145385.80999999994,37853.71,0.010667857142857144,0.013241639478069547,675.9591071428571
2026-02-28,100000,BR-00001,Northstar Wealth Advisors - White Plains 1,ADV-000005,Morgan Parker 5,24,56610975.559999995,56237457.47,-56546.87999999999,33645.83,0.008845833333333332,-0.0065979800967061126,1401.9095833333333
2026-02-28,100000,BR-00001,Northstar Wealth Advisors - White Plains 1,ADV-000006,Avery Patel 6,21,44637081.69,45269001.449999996,31393.339999999997,25279.85,0.009157142857142857,0.014156834095665495,1203.8023809523809
2026-02-28,100000,BR-00002,Northstar Wealth Advisors - Colorado Springs 2,ADV-000007,Casey Chen 7,35,478948570.54,477105505.54,-560417.45,170730.43,0.005685714285714286,-0.0038481480337690535,4878.012285714285
2026-02-28,100000,BR-00002,Northstar Wealth Advisors - Colorado Springs 2,ADV-000008,Casey Parker 8,21,83554119.13,83480075.07,8360.960000000021,52347.0,0.008276190476190477,-0.000886180846270414,2492.714285714286
2026-02-28,100000,BR-00002,Northstar Wealth Advisors - Colorado Springs 2,ADV-000009,Taylor Brooks 9,58,126556552.95,127405587.15,533317.5499999999,68501.29,0.00956896551724138,0.006708733607302339,1181.0567241379308
2026-02-28,100000,BR-00002,Northstar Wealth Advisors - Colorado Springs 2,ADV-000010,Riley Patel 10,51,167910778.17000002,169874849.51999998,439729.42000000004,81593.84,0.009368627450980393,0.011697113022795087,1599.8792156862744
2026-02-28,100000,BR-00002,Northstar Wealth Advisors - Colorado Springs 2,ADV-000011,Taylor Brooks 11,43,131578851.84,132248318.67,270318.14,68484.18,0.009513953488372093,0.005087951601934256,1592.6553488372092
2026-02-28,100000,BR-00002,Northstar Wealth Advisors - Colorado Springs 2,ADV-000012,Taylor Patel 12,39,125007707.85,125745017.41000001,1104348.84,60026.12,0.01021025641025641,0.005898112785851047,1539.1312820512821
2026-02-28,100001,BR-00003,Cedar Ridge Capital Management - Naperville 1,ADV-000013,Riley Rivera 13,35,59264850.029999994,59322347.839999996,199493.42999999996,24717.82,0.010705714285714285,0.000970184012460959,706.2234285714286
2026-02-28,100001,BR-00003,Cedar Ridge Capital Management - Naperville 1,ADV-000014,Avery Lee 14,44,114750153.00999999,116225635.60000001,1093791.28,54031.18,0.010170454545454545,0.012858218933019082,1227.9813636363635
2026-02-28,100001,BR-00003,Cedar Ridge Capital Management - Naperville 1,ADV-000015,Jordan Patel 15,34,90418125.62,90070595.61,-219785.34000000003,54855.3,0.009291176470588235,-0.0038435878604757717,1613.3911764705883
2026-02-28,100001,BR-00003,Cedar Ridge Capital Management - Naperville 1,ADV-000016,Alex Parker 16,55,165466161.23,168895809.96,686964.71,75199.23,0.009083636363636363,0.020727191012987638,1367.2587272727271
2026-02-28,100001,BR-00003,Cedar Ridge Capital Management - Naperville 1,ADV-000017,Riley Brooks 17,44,178140800.35,179506583.08,-693171.3299999998,96288.3,0.007888636363636363,0.0076668720883515395,2188.370454545455
2026-02-28,100001,BR-00003,Cedar Ridge Capital Management - Naperville 1,ADV-000018,Taylor Lee 18,21,18965189.32,19108041.05,92303.77,12497.1,0.010985714285714284,0.007532312363966448,595.1
2026-02-28,100001,BR-00004,Cedar Ridge Capital Management - Chicago 2,ADV-000019,Casey Brooks 19,44,170930359.52,171082813.84,-725104.6900000001,85835.64,0.008215909090909091,0.0008919089647275601,1950.81
2026-02-28,100001,BR-00004,Cedar Ridge Capital Management - Chicago 2,ADV-000020,Riley Patel 20,51,76949451.45,76724800.81,-32794.93000000002,46375.24,0.011027450980392157,-0.0029194573290229815,909.318431372549
2026-02-28,100001,BR-00004,Cedar Ridge Capital Management - Chicago 2,ADV-000021,Cameron Parker 21,41,144015833.56,145578860.05,293712.39,82863.15,0.008763414634146342,0.010853157263078438,2021.0524390243902
2026-02-28,100001,BR-00004,Cedar Ridge Capital Management - Chicago 2,ADV-000022,Morgan Brooks 22,39,153614579.74,154718389.62,587936.71,88482.97,0.008158974358974358,0.00718558018300246,2268.7941025641026
2026-02-28,100001,BR-00005,Cedar Ridge Capital Management - Chicago 3,ADV-000023,Riley Patel 23,28,43515776.78,43774460.21,231046.47000000003,25101.5,0.009328571428571427,0.005944589506187822,896.4821428571429
2026-02-28,100001,BR-00005,Cedar Ridge Capital Management - Chicago 3,ADV-000024,Riley Campbell 24,31,78290175.44,76972428.74,-486413.95,37711.17,0.009416129032258065,-0.016831571683089373,1216.4893548387097
2026-02-28,100001,BR-00005,Cedar Ridge Capital Management - Chicago 3,ADV-000025,Casey Chen 25,25,124495845.15,127179044.38,350048.79,59432.24,0.007228,0.021552520301116162,2377.2896
2026-02-28,100001,BR-00006,Cedar Ridge Capital Management - Naperville 4,ADV-000026,Avery Lee 26,19,55981519.41,56125131.43,-110031.57,31415.45,0.008552631578947369,0.0025653469486637374,1653.4447368421054
2026-02-28,100001,BR-00006,Cedar Ridge Capital Management - Naperville 4,ADV-000027,Taylor Campbell 27,42,227026873.89000002,227305865.87,112683.56000000006,88765.11,0.00815,0.0012288940741666012,2113.455
2026-02-28,100001,BR-00006,Cedar Ridge Capital Management - Naperville 4,ADV-000028,Riley Chen 28,41,181128930.99,184362032.84,565376.27,78529.73,0.0076585365853658535,0.017849726337635655,1915.3592682926828
2026-02-28,100001,BR-00006,Cedar Ridge Capital Management - Naperville 4,ADV-000029,Cameron Brooks 29,48,114622477.86,116926158.92999999,-1037717.08,53831.15,0.010747916666666668,0.020097987000540253,1121.4822916666667
2026-02-28,100001,BR-00007,Cedar Ridge Capital Management - Chicago 5,ADV-000030,Jordan Chen 30,22,110868619.58,111122712.94,206881.56000000006,49139.46,0.008136363636363636,0.002291842010503721,2233.6118181818183
2026-02-28,100001,BR-00007,Cedar Ridge Capital Management - Chicago 5,ADV-000031,Cameron Patel 31,56,137202836.14,138048129.47,-171383.09,78886.06,0.00995,0.006160902746481762,1408.6796428571429
2026-02-28,100001,BR-00007,Cedar Ridge Capital Management - Chicago 5,ADV-000032,Morgan Lee 32,59,768875945.15,770076456.34,2036222.16,303897.29,0.007011864406779662,0.0015613847689900735,5150.801525423729
2026-02-28,100001,BR-00007,Cedar Ridge Capital Management - Chicago 5,ADV-000033,Casey Campbell 33,45,198006632.97,199647039.82,-684456.75,109851.51,0.007615555555555556,0.008284605547777444,2441.1446666666666
2026-02-28,100001,BR-00007,Cedar Ridge Capital Management - Chicago 5,ADV-000034,Cameron Rivera 34,38,115036361.78,116499506.62,413962.01999999996,65268.63,0.009221052631578948,0.012718977003099059,1717.5955263157894
2026-02-28,100001,BR-00007,Cedar Ridge Capital Management - Chicago 5,ADV-000035,Jordan Brooks 35,42,110609316.47,109993204.85000001,59911.28000000002,56333.9,0.009557142857142856,-0.005570160269158653,1341.2833333333333
2026-02-28,100001,BR-00007,Cedar Ridge Capital Management - Chicago 5,ADV-000036,Cameron Morgan 36,54,103877374.21,103095441.73,-67415.24,58303.84,0.009827777777777777,-0.007527457118999016,1079.7007407407407
2026-02-28,100001,BR-00007,Cedar Ridge Capital Management - Chicago 5,ADV-000037,Casey Campbell 37,15,44819597.1,43963731.47,-96961.54,21773.42,0.008159999999999999,-0.01909579035461706,1451.5613333333333
2026-03-31,100000,BR-00001,Northstar Wealth Advisors - White Plains 1,ADV-000001,Morgan Parker 1,45,150548499.21,151028669.88,132330.55000000005,49159.7,0.01037111111111111,0.0031894749699908805,1092.4377777777777
2026-03-31,100000,BR-00001,Northstar Wealth Advisors - White Plains 1,ADV-000002,Casey Campbell 2,50,179328616.06,178751064.52,229109.41,95353.55,0.007888000000000001,-0.003220632337935144,1907.0710000000001
2026-03-31,100000,BR-00001,Northstar Wealth Advisors - White Plains 1,ADV-000003,Taylor Patel 3,32,60501547.730000004,60894999.510000005,60503.88,29563.06,0.009734375,0.006503168840503995,923.845625
2026-03-31,100000,BR-00001,Northstar Wealth Advisors - White Plains 1,ADV-000004,Cameron Lee 4,56,75119632.33,75326966.21000001,78340.96000000002,38116.65,0.010667857142857144,0.0027600491851343723,680.6544642857143
2026-03-31,100000,BR-00001,Northstar Wealth Advisors - White Plains 1,ADV-000005,Morgan Parker 5,24,56237457.47,57477560.37,150557.08,33919.57,0.008845833333333332,0.022051190715041382,1413.3154166666666
2026-03-31,100000,BR-00001,Northstar Wealth Advisors - White Plains 1,ADV-000006,Avery Patel 6,21,45269001.449999996,46059917.86,70937.02,25680.79,0.009157142857142857,0.0174714790401016,1222.894761904762
2026-03-31,100000,BR-00002,Northstar Wealth Advisors - Colorado Springs 2,ADV-000007,Casey Chen 7,35,477105505.54,478514749.87,2752238.63,170771.08000000002,0.005685714285714286,0.0029537373047183037,4879.173714285715
2026-03-31,100000,BR-00002,Northstar Wealth Advisors - Colorado Springs 2,ADV-000008,Casey Parker 8,21,83480075.07,84804241.59,1035944.34,52694.29,0.008276190476190477,0.015862066713400368,2509.251904761905
2026-03-31,100000,BR-00002,Northstar Wealth Advisors - Colorado Springs 2,ADV-000009,Taylor Brooks 9,58,127405587.15,129422192.35,507490.77,69150.38,0.00956896551724138,0.015828232066665594,1192.247931034483
2026-03-31,100000,BR-00002,Northstar Wealth Advisors - Colorado Springs 2,ADV-000010,Riley Patel 10,51,169874849.51999998,169180629.36,592336.0599999999,81623.19,0.009368627450980393,-0.00408665651190604,1600.454705882353
2026-03-31,100000,BR-00002,Northstar Wealth Advisors - Colorado Springs 2,ADV-000011,Taylor Brooks 11,43,132248318.67,133296293.05,63852.21000000001,68910.5,0.009513953488372093,0.007924292652937327,1602.5697674418604
2026-03-31,100000,BR-00002,Northstar Wealth Advisors - Colorado Springs 2,ADV-000012,Taylor Patel 12,39,125745017.41000001,126034686.6,-751165.55,60352.490000000005,0.01021025641025641,0.002303623602480383,1547.4997435897437
2026-03-31,100001,BR-00003,Cedar Ridge Capital Management - Naperville 1,ADV-000013,Riley Rivera 13,35,59322347.839999996,57935018.760000005,-223756.56,24498.69,0.010705714285714285,-0.023386280727489002,699.9625714285714
2026-03-31,100001,BR-00003,Cedar Ridge Capital Management - Naperville 1,ADV-000014,Avery Lee 14,44,116225635.60000001,117177703.9,213951.5,54461.93,0.010170454545454545,0.008191551675196836,1237.7711363636363
2026-03-31,100001,BR-00003,Cedar Ridge Capital Management - Naperville 1,ADV-000015,Jordan Patel 15,34,90070595.61,90931077.67,-305554.45,54870.41,0.009291176470588235,0.009553418118004187,1613.8355882352942
2026-03-31,100001,BR-00003,Cedar Ridge Capital Management - Naperville 1,ADV-000016,Alex Parker 16,55,168895809.96,171878300.88,1491230.33,76521.46,0.009083636363636363,0.017658762053992562,1391.2992727272729
2026-03-31,100001,BR-00003,Cedar Ridge Capital Management - Naperville 1,ADV-000017,Riley Brooks 17,44,179506583.08,180696396.36,292069.86000000004,96940.35,0.007888636363636363,0.006628243151783139,2203.189772727273
2026-03-31,100001,BR-00003,Cedar Ridge Capital Management - Naperville 1,ADV-000018,Taylor Lee 18,21,19108041.05,19168603.73,269161.53,12553.36,0.010985714285714284,0.0031694865968481733,597.7790476190477
2026-03-31,100001,BR-00004,Cedar Ridge Capital Management - Chicago 2,ADV-000019,Casey Brooks 19,44,171082813.84,173739220.32,-117778.96,86466.34,0.008215909090909091,0.015527021214908895,1965.144090909091
2026-03-31,100001,BR-00004,Cedar Ridge Capital Management - Chicago 2,ADV-000020,Riley Patel 20,51,76724800.81,76712952.66,200047.71000000002,46322.5,0.011027450980392157,-0.00015442399165488247,908.2843137254902
2026-03-31,100001,BR-00004,Cedar Ridge Capital Management - Chicago 2,ADV-000021,Cameron Parker 21,41,145578860.05,147294153.18,647721.98,83781.61,0.008763414634146342,0.011782570143844144,2043.4539024390244
2026-03-31,100001,BR-00004,Cedar Ridge Capital Management - Chicago 2,ADV-000022,Morgan Brooks 22,39,154718389.62,155609624.51,268633.95999999996,88960.14,0.008158974358974358,0.005760368190161012,2281.0292307692307
2026-03-31,100001,BR-00005,Cedar Ridge Capital Management - Chicago 3,ADV-000023,Riley Patel 23,28,43774460.21,44308946.32,139231.76,25402.54,0.009328571428571427,0.012209998876877057,907.2335714285715
2026-03-31,100001,BR-00005,Cedar Ridge Capital Management - Chicago 3,ADV-000024,Riley Campbell 24,31,76972428.74,78572001.42,317853.86,37950.17,0.009416129032258065,0.02078111222660125,1224.1990322580646
2026-03-31,100001,BR-00005,Cedar Ridge Capital Management - Chicago 3,ADV-000025,Casey Chen 25,25,127179044.38,127263062.12,-104349.81,60003.22,0.007228,0.0006606256589644737,2400.1288
2026-03-31,100001,BR-00006,Cedar Ridge Capital Management - Naperville 4,ADV-000026,Avery Lee 26,19,56125131.43,56657385.85,33797.340000000026,31563.73,0.008552631578947369,0.009483352759072581,1661.248947368421
2026-03-31,100001,BR-00006,Cedar Ridge Capital Management - Naperville 4,ADV-000027,Taylor Campbell 27,42,227305865.87,228500766.6,1486460.0,89653.63,0.00815,0.00525679671937447,2134.6102380952384
2026-03-31,100001,BR-00006,Cedar Ridge Capital Management - Naperville 4,ADV-000028,Riley Chen 28,41,184362032.84,187478879.73,804314.09,79871.38,0.0076585365853658535,0.01690612129833134,1948.0824390243904
2026-03-31,100001,BR-00006,Cedar Ridge Capital Management - Naperville 4,ADV-000029,Cameron Brooks 29,48,116926158.92999999,118792794.85000001,-154320.25999999995,54614.92999999999,0.010747916666666668,0.015964228510384173,1137.8110416666666
2026-03-31,100001,BR-00007,Cedar Ridge Capital Management - Chicago 5,ADV-000030,Jordan Chen 30,22,111122712.94,111416345.35,430597.93,49437.85,0.008136363636363636,0.0026424157782985497,2247.1749999999997
2026-03-31,100001,BR-00007,Cedar Ridge Capital Management - Chicago 5,ADV-000031,Cameron Patel 31,56,138048129.47,139759298.65,343970.44999999995,79742.26,0.00995,0.012395453575282748,1423.9689285714285
2026-03-31,100001,BR-00007,Cedar Ridge Capital Management - Chicago 5,ADV-000032,Morgan Lee 32,59,770076456.34,773320713.89,-1224157.12,305128.8,0.007011864406779662,0.004212903177717155,5171.674576271186
2026-03-31,100001,BR-00007,Cedar Ridge Capital Management - Chicago 5,ADV-000033,Casey Campbell 33,45,199647039.82,202821801.78,1652687.13,110914.94,0.007615555555555556,0.015901873440559627,2464.7764444444447
2026-03-31,100001,BR-00007,Cedar Ridge Capital Management - Chicago 5,ADV-000034,Cameron Rivera 34,38,116499506.62,117946869.07,-242108.02000000002,66060.16,0.009221052631578948,0.012423764632077101,1738.4252631578947
2026-03-31,100001,BR-00007,Cedar Ridge Capital Management - Chicago 5,ADV-000035,Jordan Brooks 35,42,109993204.85000001,112011242.25,-47941.19999999999,56719.78,0.009557142857142856,0.018346927910247092,1350.4709523809524
2026-03-31,100001,BR-00007,Cedar Ridge Capital Management - Chicago 5,ADV-000036,Cameron Morgan 36,54,103095441.73,102175172.8,-415030.83,58026.14,0.009827777777777777,-0.00892637845628645,1074.5581481481481
2026-03-31,100001,BR-00007,Cedar Ridge Capital Management - Chicago 5,ADV-000037,Casey Campbell 37,15,43963731.47,43832690.089999996,-385027.19,21646.31,0.008159999999999999,-0.0029806701027965013,1443.0873333333334
2026-04-30,100000,BR-00001,Northstar Wealth Advisors - White Plains 1,ADV-000001,Morgan Parker 1,45,151028669.88,152361307.5,1495638.5499999998,49687.89,0.01037111111111111,0.008823739367226458,1104.1753333333334
2026-04-30,100000,BR-00001,Northstar Wealth Advisors - White Plains 1,ADV-000002,Casey Campbell 2,50,178751064.52,179343940.5,-139043.16000000003,95457.49,0.007888000000000001,0.0033167689467586575,1909.1498000000001
2026-04-30,100000,BR-00001,Northstar Wealth Advisors - White Plains 1,ADV-000003,Taylor Patel 3,32,60894999.510000005,61075385.379999995,202816.43000000002,29665.79,0.009734375,0.0029622443788733,927.0559375
2026-04-30,100000,BR-00001,Northstar Wealth Advisors - White Plains 1,ADV-000004,Cameron Lee 4,56,75326966.21000001,77688365.49,258659.82,38613.43,0.010667857142857144,0.031348657709335696,689.5255357142858
2026-04-30,100000,BR-00001,Northstar Wealth Advisors - White Plains 1,ADV-000005,Morgan Parker 5,24,57477560.37,57599437.46,-90841.54000000001,34354.24,0.008845833333333332,0.0021204290720664696,1431.4266666666665
2026-04-30,100000,BR-00001,Northstar Wealth Advisors - White Plains 1,ADV-000006,Avery Patel 6,21,46059917.86,47310986.15,-169886.81999999998,26220.26,0.009157142857142857,0.027161756862064866,1248.5838095238094
2026-04-30,100000,BR-00002,Northstar Wealth Advisors - Colorado Springs 2,ADV-000007,Casey Chen 7,35,478514749.87,479171337.93,1105302.77,171264.77,0.005685714285714286,0.0013721375572610464,4893.279142857143
2026-04-30,100000,BR-00002,Northstar Wealth Advisors - Colorado Springs 2,ADV-000008,Casey Parker 8,21,84804241.59,85622506.08,55525.22999999995,53439.96,0.008276190476190477,0.009648862776888312,2544.7599999999998
2026-04-30,100000,BR-00002,Northstar Wealth Advisors - Colorado Springs 2,ADV-000009,Taylor Brooks 9,58,129422192.35,129639607.03,452465.99,69972.70999999999,0.00956896551724138,0.001679887166584589,1206.4260344827585
2026-04-30,100000,BR-00002,Northstar Wealth Advisors - Colorado Springs 2,ADV-000010,Riley Patel 10,51,169180629.36,169558266.63,-280546.5,81394.45999999999,0.009368627450980393,0.0022321543041219295,1595.9698039215684
2026-04-30,100000,BR-00002,Northstar Wealth Advisors - Colorado Springs 2,ADV-000011,Taylor Brooks 11,43,133296293.05,135108299.28,41511.95999999999,69597.32,0.009513953488372093,0.013593823117949072,1618.5423255813955
2026-04-30,100000,BR-00002,Northstar Wealth Advisors - Colorado Springs 2,ADV-000012,Taylor Patel 12,39,126034686.6,125830700.24,-110472.09,60384.64,0.01021025641025641,-0.0016184938091479287,1548.3241025641025
2026-04-30,100001,BR-00003,Cedar Ridge Capital Management - Naperville 1,ADV-000013,Riley Rivera 13,35,57935018.760000005,58448851.81,191914.7,24417.41,0.010705714285714285,0.008869127187627012,697.6402857142857
2026-04-30,100001,BR-00003,Cedar Ridge Capital Management - Naperville 1,ADV-000014,Avery Lee 14,44,117177703.9,120404483.17,207360.49999999997,55171.43,0.010170454545454545,0.027537485055636045,1253.8961363636363
2026-04-30,100001,BR-00003,Cedar Ridge Capital Management - Naperville 1,ADV-000015,Jordan Patel 15,34,90931077.67,92057900.97,120814.17,55325.32,0.009291176470588235,0.012392059226322782,1627.215294117647
2026-04-30,100001,BR-00003,Cedar Ridge Capital Management - Naperville 1,ADV-000016,Alex Parker 16,55,171878300.88,174206975.76,302337.91000000003,77677.79,0.009083636363636363,0.01354839364874687,1412.3234545454545
2026-04-30,100001,BR-00003,Cedar Ridge Capital Management - Naperville 1,ADV-000017,Riley Brooks 17,44,180696396.36,182058015.41,-246072.38999999998,97385.2,0.007888636363636363,0.0075353968171409415,2213.2999999999997
2026-04-30,100001,BR-00003,Cedar Ridge Capital Management - Naperville 1,ADV-000018,Taylor Lee 18,21,19168603.73,19444681.9,41236.21,12627.3,0.010985714285714284,0.014402622845602436,601.3
2026-04-30,100001,BR-00004,Cedar Ridge Capital Management - Chicago 2,ADV-000019,Casey Brooks 19,44,173739220.32,175272825.64000002,248112.00000000006,87455.63,0.008215909090909091,0.008827053080906923,1987.6279545454547
2026-04-30,100001,BR-00004,Cedar Ridge Capital Management - Chicago 2,ADV-000020,Riley Patel 20,51,76712952.66,77552160.68,536381.2,46500.62,0.011027450980392157,0.010939587004550201,911.7768627450981
2026-04-30,100001,BR-00004,Cedar Ridge Capital Management - Chicago 2,ADV-000021,Cameron Parker 21,41,147294153.18,148200629.69,-176824.0,84436.42,0.008763414634146342,0.0061541920736815385,2059.4248780487806
2026-04-30,100001,BR-00004,Cedar Ridge Capital Management - Chicago 2,ADV-000022,Morgan Brooks 22,39,155609624.51,157653122.9,123483.90999999996,89769.07,0.008158974358974358,0.013132210789883974,2301.771025641026
2026-04-30,100001,BR-00005,Cedar Ridge Capital Management - Chicago 3,ADV-000023,Riley Patel 23,28,44308946.32,45297235.61,-148998.03,25831.38,0.009328571428571427,0.02230450895542756,922.5492857142857
2026-04-30,100001,BR-00005,Cedar Ridge Capital Management - Chicago 3,ADV-000024,Riley Campbell 24,31,78572001.42,78694049.13000001,-528428.9600000001,38096.64,0.009416129032258065,0.001553323165940659,1228.923870967742
2026-04-30,100001,BR-00005,Cedar Ridge Capital Management - Chicago 3,ADV-000025,Casey Chen 25,25,127263062.12,126088651.91,351237.45,59887.69,0.007228,-0.009228209587575562,2395.5076
2026-04-30,100001,BR-00006,Cedar Ridge Capital Management - Naperville 4,ADV-000026,Avery Lee 26,19,56657385.85,57214889.97,326436.23,31840.63,0.008552631578947369,0.009839919573345393,1675.8226315789475
2026-04-30,100001,BR-00006,Cedar Ridge Capital Management - Naperville 4,ADV-000027,Taylor Campbell 27,42,228500766.6,228784914.57,-897647.91,90461.03,0.00815,0.0012435318017878319,2153.8340476190474
2026-04-30,100001,BR-00006,Cedar Ridge Capital Management - Naperville 4,ADV-000028,Riley Chen 28,41,187478879.73,188788907.13,884868.51,80968.2,0.0076585365853658535,0.006987599893314159,1974.8341463414633
2026-04-30,100001,BR-00006,Cedar Ridge Capital Management - Naperville 4,ADV-000029,Cameron Brooks 29,48,118792794.85000001,121266308.31,-25823.93000000005,55427.06,0.010747916666666668,0.020822083217448547,1154.7304166666665
2026-04-30,100001,BR-00007,Cedar Ridge Capital Management - Chicago 5,ADV-000030,Jordan Chen 30,22,111416345.35,114108927.43,366129.2,50242.04,0.008136363636363636,0.024166849770037024,2283.729090909091
2026-04-30,100001,BR-00007,Cedar Ridge Capital Management - Chicago 5,ADV-000031,Cameron Patel 31,56,139759298.65,142210384.42,179972.24,80695.53,0.00995,0.017537908344390372,1440.9916071428572
2026-04-30,100001,BR-00007,Cedar Ridge Capital Management - Chicago 5,ADV-000032,Morgan Lee 32,59,773320713.89,783973328.1999999,4820403.89,307701.85,0.007011864406779662,0.013775157083811426,5215.285593220338
2026-04-30,100001,BR-00007,Cedar Ridge Capital Management - Chicago 5,ADV-000033,Casey Campbell 33,45,202821801.78,203586290.68,-607665.1,111640.47,0.007615555555555556,0.00376926392178117,2480.8993333333333
2026-04-30,100001,BR-00007,Cedar Ridge Capital Management - Chicago 5,ADV-000034,Cameron Rivera 34,38,117946869.07,118834561.12,464089.24000000005,66527.13,0.009221052631578948,0.007526202747045178,1750.7139473684213
2026-04-30,100001,BR-00007,Cedar Ridge Capital Management - Chicago 5,ADV-000035,Jordan Brooks 35,42,112011242.25,112099582.03,1554615.96,57229.44,0.009557142857142856,0.0007886688713159164,1362.6057142857144
2026-04-30,100001,BR-00007,Cedar Ridge Capital Management - Chicago 5,ADV-000036,Cameron Morgan 36,54,102175172.8,103217435.99,-99786.27999999996,58258.67,0.009827777777777777,0.01020074800401999,1078.8642592592591
2026-04-30,100001,BR-00007,Cedar Ridge Capital Management - Chicago 5,ADV-000037,Casey Campbell 37,15,43832690.089999996,44576961.18,-133131.35,21806.100000000002,0.008159999999999999,0.016979817767785187,1453.7400000000002
2026-05-31,100000,BR-00001,Northstar Wealth Advisors - White Plains 1,ADV-000001,Morgan Parker 1,45,152361307.5,153344983.04000002,-170432.8,50073.35,0.01037111111111111,0.006456203061922539,1112.741111111111
2026-05-31,100000,BR-00001,Northstar Wealth Advisors - White Plains 1,ADV-000002,Casey Campbell 2,50,179343940.5,178626565.0,271362.74,95167.74,0.007888000000000001,-0.003999998539119865,1903.3548
2026-05-31,100000,BR-00001,Northstar Wealth Advisors - White Plains 1,ADV-000003,Taylor Patel 3,32,61075385.379999995,63027651.25,200904.66999999998,30066.07,0.009734375,0.03196485552818635,939.5646875
2026-05-31,100000,BR-00001,Northstar Wealth Advisors - White Plains 1,ADV-000004,Cameron Lee 4,56,77688365.49,78657453.6,124086.14000000001,39232.5,0.010667857142857144,0.012474044265028846,700.5803571428571
2026-05-31,100000,BR-00001,Northstar Wealth Advisors - White Plains 1,ADV-000005,Morgan Parker 5,24,57599437.46,58566716.400000006,-240161.89,34680.31,0.008845833333333332,0.016793201160544894,1445.0129166666666
2026-05-31,100000,BR-00001,Northstar Wealth Advisors - White Plains 1,ADV-000006,Avery Patel 6,21,47310986.15,48336128.01,277726.71,26764.98,0.009157142857142857,0.02166815666766649,1274.5228571428572
2026-05-31,100000,BR-00002,Northstar Wealth Advisors - Colorado Springs 2,ADV-000007,Casey Chen 7,35,479171337.93,483331576.15999997,1750224.53,172127.41,0.005685714285714286,0.008682151666191082,4917.926
2026-05-31,100000,BR-00002,Northstar Wealth Advisors - Colorado Springs 2,ADV-000008,Casey Parker 8,21,85622506.08,86843812.07,-133487.16999999998,54280.59,0.008276190476190477,0.014263843070172312,2584.79
2026-05-31,100000,BR-00002,Northstar Wealth Advisors - Colorado Springs 2,ADV-000009,Taylor Brooks 9,58,129639607.03,130807336.27,4420.3799999999965,70463.67,0.00956896551724138,0.00900750370008272,1214.8908620689656
2026-05-31,100000,BR-00002,Northstar Wealth Advisors - Colorado Springs 2,ADV-000010,Riley Patel 10,51,169558266.63,170327650.47,-602212.6699999999,81839.14,0.009368627450980393,0.004537577879814656,1604.6890196078432
2026-05-31,100000,BR-00002,Northstar Wealth Advisors - Colorado Springs 2,ADV-000011,Taylor Brooks 11,43,135108299.28,135403384.1,514147.46,70268.1,0.009513953488372093,0.002184061390547561,1634.1418604651165
2026-05-31,100000,BR-00002,Northstar Wealth Advisors - Colorado Springs 2,ADV-000012,Taylor Patel 12,39,125830700.24,126431552.61,390645.31,60449.29,0.01021025641025641,0.004775085641691449,1549.9817948717948
2026-05-31,100001,BR-00003,Cedar Ridge Capital Management - Naperville 1,ADV-000013,Riley Rivera 13,35,58448851.81,58011637.1,36636.11,24507.070000000003,0.010705714285714285,-0.007480295958956681,700.2020000000001
2026-05-31,100001,BR-00003,Cedar Ridge Capital Management - Naperville 1,ADV-000014,Avery Lee 14,44,120404483.17,122535190.74000001,-133641.56000000003,56047.22,0.010170454545454545,0.017696247796617718,1273.8004545454546
2026-05-31,100001,BR-00003,Cedar Ridge Capital Management - Naperville 1,ADV-000015,Jordan Patel 15,34,92057900.97,91847440.91,169933.97,55634.23,0.009291176470588235,-0.002286170527270522,1636.3008823529412
2026-05-31,100001,BR-00003,Cedar Ridge Capital Management - Naperville 1,ADV-000016,Alex Parker 16,55,174206975.76,174706436.81,-71648.88000000003,78279.12,0.009083636363636363,0.002867055396725934,1423.2567272727272
2026-05-31,100001,BR-00003,Cedar Ridge Capital Management - Naperville 1,ADV-000017,Riley Brooks 17,44,182058015.41,183822359.72,539637.72,98131.19,0.007888636363636363,0.009691110309132214,2230.2543181818182
2026-05-31,100001,BR-00003,Cedar Ridge Capital Management - Naperville 1,ADV-000018,Taylor Lee 18,21,19444681.9,19959959.2,-40315.18000000001,12834.52,0.010985714285714284,0.026499651814823506,611.167619047619
2026-05-31,100001,BR-00004,Cedar Ridge Capital Management - Chicago 2,ADV-000019,Casey Brooks 19,44,175272825.64000002,175712587.8,333283.14999999997,87829.75,0.008215909090909091,0.0025090150649093876,1996.1306818181818
2026-05-31,100001,BR-00004,Cedar Ridge Capital Management - Chicago 2,ADV-000020,Riley Patel 20,51,77552160.68,77497584.48,10499.010000000018,46747.21,0.011027450980392157,-0.0007037353894651407,916.6119607843137
2026-05-31,100001,BR-00004,Cedar Ridge Capital Management - Chicago 2,ADV-000021,Cameron Parker 21,41,148200629.69,150608006.72,222196.84,85361.66,0.008763414634146342,0.016244040494535372,2081.991707317073
2026-05-31,100001,BR-00004,Cedar Ridge Capital Management - Chicago 2,ADV-000022,Morgan Brooks 22,39,157653122.9,159082727.09,731792.27,90735.88,0.008158974358974358,0.009068035974820499,2326.561025641026
2026-05-31,100001,BR-00005,Cedar Ridge Capital Management - Chicago 3,ADV-000023,Riley Patel 23,28,45297235.61,45157270.88,-196804.16999999998,26117.42,0.009328571428571427,-0.0030899176984013907,932.765
2026-05-31,100001,BR-00005,Cedar Ridge Capital Management - Chicago 3,ADV-000024,Riley Campbell 24,31,78694049.13000001,79316552.9,426399.73,38297.01,0.009416129032258065,0.007910430037367118,1235.3874193548388
2026-05-31,100001,BR-00005,Cedar Ridge Capital Management - Chicago 3,ADV-000025,Casey Chen 25,25,126088651.91,127700407.51,490341.98000000004,60263.81,0.007228,0.012782717362625573,2410.5524
2026-05-31,100001,BR-00006,Cedar Ridge Capital Management - Naperville 4,ADV-000026,Avery Lee 26,19,57214889.97,57886509.86,411155.97,32213.56,0.008552631578947369,0.011738550757541561,1695.4505263157896
2026-05-31,100001,BR-00006,Cedar Ridge Capital Management - Naperville 4,ADV-000027,Taylor Campbell 27,42,228784914.57,229768980.04,656735.71,90779.36,0.00815,0.004301269040616356,2161.4133333333334
2026-05-31,100001,BR-00006,Cedar Ridge Capital Management - Naperville 4,ADV-000028,Riley Chen 28,41,188788907.13,190123615.64,781300.98,81844.76,0.0076585365853658535,0.007069846053406679,1996.2136585365852
2026-05-31,100001,BR-00006,Cedar Ridge Capital Management - Naperville 4,ADV-000029,Cameron Brooks 29,48,121266308.31,125025960.37,938987.2000000001,56672.590000000004,0.010747916666666668,0.031003269683026788,1180.6789583333334
2026-05-31,100001,BR-00007,Cedar Ridge Capital Management - Chicago 5,ADV-000030,Jordan Chen 30,22,114108927.43,115182965.25,-139338.09000000008,51043.479999999996,0.008136363636363636,0.009412390811042021,2320.1581818181817
2026-05-31,100001,BR-00007,Cedar Ridge Capital Management - Chicago 5,ADV-000031,Cameron Patel 31,56,142210384.42,144092229.82,500414.17000000004,81942.34,0.00995,0.013232826897100699,1463.2560714285714
2026-05-31,100001,BR-00007,Cedar Ridge Capital Management - Chicago 5,ADV-000032,Morgan Lee 32,59,783973328.1999999,788307864.46,-1124432.0200000003,309764.61,0.007011864406779662,0.005528933324749951,5250.247627118644
2026-05-31,100001,BR-00007,Cedar Ridge Capital Management - Chicago 5,ADV-000033,Casey Campbell 33,45,203586290.68,206026540.71,445976.3300000001,112321.15,0.007615555555555556,0.011986318046511407,2496.0255555555555
2026-05-31,100001,BR-00007,Cedar Ridge Capital Management - Chicago 5,ADV-000034,Cameron Rivera 34,38,118834561.12,122279673.79,395391.25,67579.77,0.009221052631578948,0.02899083092940531,1778.4150000000002
2026-05-31,100001,BR-00007,Cedar Ridge Capital Management - Chicago 5,ADV-000035,Jordan Brooks 35,42,112099582.03,114691164.08,1246060.1300000001,57975.090000000004,0.009557142857142856,0.023118570141558957,1380.3592857142858
2026-05-31,100001,BR-00007,Cedar Ridge Capital Management - Chicago 5,ADV-000036,Cameron Morgan 36,54,103217435.99,104010240.3,-22180.000000000015,58849.91,0.009827777777777777,0.0076809145896320425,1089.8131481481482
2026-05-31,100001,BR-00007,Cedar Ridge Capital Management - Chicago 5,ADV-000037,Casey Campbell 37,15,44576961.18,44999942.21,305001.98,22085.78,0.008159999999999999,0.00948878117312709,1472.3853333333332
2026-06-30,100000,BR-00001,Northstar Wealth Advisors - White Plains 1,ADV-000001,Morgan Parker 1,45,153344983.04000002,156077028.4,-717425.5700000001,50419.73,0.01037111111111111,0.017816333510482903,1120.4384444444445
2026-06-30,100000,BR-00001,Northstar Wealth Advisors - White Plains 1,ADV-000002,Casey Campbell 2,50,178626565.0,179252854.18,140496.85000000006,94949.79000000001,0.007888000000000001,0.003506136839165032,1898.9958000000001
2026-06-30,100000,BR-00001,Northstar Wealth Advisors - White Plains 1,ADV-000003,Taylor Patel 3,32,63027651.25,64759992.47,533781.5900000001,30802.81,0.009734375,0.027485416093464197,962.5878125
2026-06-30,100000,BR-00001,Northstar Wealth Advisors - White Plains 1,ADV-000004,Cameron Lee 4,56,78657453.6,80876361.92999999,305686.58999999997,39774.62,0.010667857142857144,0.02820976561590596,710.2610714285714
2026-06-30,100000,BR-00001,Northstar Wealth Advisors - White Plains 1,ADV-000005,Morgan Parker 5,24,58566716.400000006,58901923.69,-94418.92999999998,35066.3,0.008845833333333332,0.0057235117589756425,1461.0958333333335
2026-06-30,100000,BR-00001,Northstar Wealth Advisors - White Plains 1,ADV-000006,Avery Patel 6,21,48336128.01,48617001.980000004,118434.98,27073.5,0.009157142857142857,0.0058108495976735616,1289.2142857142858
2026-06-30,100000,BR-00002,Northstar Wealth Advisors - Colorado Springs 2,ADV-000007,Casey Chen 7,35,483331576.15999997,489904222.59000003,1595105.8399999999,173768.64,0.005685714285714286,0.013598628258924855,4964.8182857142865
2026-06-30,100000,BR-00002,Northstar Wealth Advisors - Colorado Springs 2,ADV-000008,Casey Parker 8,21,86843812.07,87463631.32,20176.719999999972,54872.92,0.008276190476190477,0.007137172300778298,2612.9961904761903
2026-06-30,100000,BR-00002,Northstar Wealth Advisors - Colorado Springs 2,ADV-000009,Taylor Brooks 9,58,130807336.27,133473928.91,1048576.0,71426.23,0.00956896551724138,0.02038565049972331,1231.4867241379309
2026-06-30,100000,BR-00002,Northstar Wealth Advisors - Colorado Springs 2,ADV-000010,Riley Patel 10,51,170327650.47,173454467.93,1798570.86,82723.0,0.009368627450980393,0.018357662137485648,1622.0196078431372
2026-06-30,100000,BR-00002,Northstar Wealth Advisors - Colorado Springs 2,ADV-000011,Taylor Brooks 11,43,135403384.1,134781869.16,-32752.14999999998,70356.81,0.009513953488372093,-0.004590099015110196,1636.2048837209302
2026-06-30,100000,BR-00002,Northstar Wealth Advisors - Colorado Springs 2,ADV-000012,Taylor Patel 12,39,126431552.61,125964545.98,-1409857.53,60418.14,0.01021025641025641,-0.003693750652897208,1549.183076923077
2026-06-30,100001,BR-00003,Cedar Ridge Capital Management - Naperville 1,ADV-000013,Riley Rivera 13,35,58011637.1,58356130.05,656586.9,24562.640000000003,0.010705714285714285,0.00593834215376755,701.7897142857144
2026-06-30,100001,BR-00003,Cedar Ridge Capital Management - Naperville 1,ADV-000014,Avery Lee 14,44,122535190.74000001,123820895.87,-197780.11,56617.89,0.010170454545454545,0.010492537876144127,1286.7702272727272
2026-06-30,100001,BR-00003,Cedar Ridge Capital Management - Naperville 1,ADV-000015,Jordan Patel 15,34,91847440.91,92501698.63,130569.30999999998,55761.95,0.009291176470588235,0.007123309190956084,1640.0573529411763
2026-06-30,100001,BR-00003,Cedar Ridge Capital Management - Naperville 1,ADV-000016,Alex Parker 16,55,174706436.81,176616785.16,1302013.1700000002,78721.39,0.009083636363636363,0.010934619152456138,1431.298
2026-06-30,100001,BR-00003,Cedar Ridge Capital Management - Naperville 1,ADV-000017,Riley Brooks 17,44,183822359.72,184798711.57999998,-417494.5,99223.67,0.007888636363636363,0.005311387915415584,2255.083409090909
2026-06-30,100001,BR-00003,Cedar Ridge Capital Management - Naperville 1,ADV-000018,Taylor Lee 18,21,19959959.2,20300289.21,-23343.129999999997,13067.19,0.010985714285714284,0.01705063655641148,622.2471428571429
2026-06-30,100001,BR-00004,Cedar Ridge Capital Management - Chicago 2,ADV-000019,Casey Brooks 19,44,175712587.8,177267428.14,637732.47,88086.23,0.008215909090909091,0.00884877036680905,2001.9597727272726
2026-06-30,100001,BR-00004,Cedar Ridge Capital Management - Chicago 2,ADV-000020,Riley Patel 20,51,77497584.48,78346336.05,-326890.3,47042.77,0.011027450980392157,0.010951974512431833,922.4072549019608
2026-06-30,100001,BR-00004,Cedar Ridge Capital Management - Chicago 2,ADV-000021,Cameron Parker 21,41,150608006.72,150548465.97,-172765.66999999995,86115.64,0.008763414634146342,-0.00039533588749165273,2100.3814634146343
2026-06-30,100001,BR-00004,Cedar Ridge Capital Management - Chicago 2,ADV-000022,Morgan Brooks 22,39,159082727.09,161834455.72,207131.37000000002,91848.21,0.008158974358974358,0.017297469564016354,2355.082307692308
2026-06-30,100001,BR-00005,Cedar Ridge Capital Management - Chicago 3,ADV-000023,Riley Patel 23,28,45157270.88,46555790.73,205974.71,26525.420000000002,0.009328571428571427,0.030969981638535947,947.3364285714287
2026-06-30,100001,BR-00005,Cedar Ridge Capital Management - Chicago 3,ADV-000024,Riley Campbell 24,31,79316552.9,79949117.18,93270.78,38755.08,0.009416129032258065,0.00797518622370692,1250.163870967742
2026-06-30,100001,BR-00005,Cedar Ridge Capital Management - Chicago 3,ADV-000025,Casey Chen 25,25,127700407.51,129027700.66,-273367.4,61049.07,0.007228,0.010393805124670826,2441.9628
2026-06-30,100001,BR-00006,Cedar Ridge Capital Management - Naperville 4,ADV-000026,Avery Lee 26,19,57886509.86,58165294.449999996,-113879.37999999998,32503.8,0.008552631578947369,0.004816054563908651,1710.7263157894736
2026-06-30,100001,BR-00006,Cedar Ridge Capital Management - Naperville 4,ADV-000027,Taylor Campbell 27,42,229768980.04,231434782.7,1007482.4500000001,91219.0,0.00815,0.0072499023136630555,2171.8809523809523
2026-06-30,100001,BR-00006,Cedar Ridge Capital Management - Naperville 4,ADV-000028,Riley Chen 28,41,190123615.64,193372207.33,1332673.79,82937.97,0.0076585365853658535,0.017086734223229018,2022.8773170731708
2026-06-30,100001,BR-00006,Cedar Ridge Capital Management - Naperville 4,ADV-000029,Cameron Brooks 29,48,125025960.37,128656516.7,1236315.5999999999,58108.42,0.010747916666666668,0.029038419855010773,1210.5920833333332
2026-06-30,100001,BR-00007,Cedar Ridge Capital Management - Chicago 5,ADV-000030,Jordan Chen 30,22,115182965.25,116407327.53999999,229797.30000000005,51375.85,0.008136363636363636,0.010629716706307765,2335.265909090909
2026-06-30,100001,BR-00007,Cedar Ridge Capital Management - Chicago 5,ADV-000031,Cameron Patel 31,56,144092229.82,145045711.48999998,144718.3,83010.85,0.00995,0.006617162293838302,1482.3366071428572
2026-06-30,100001,BR-00007,Cedar Ridge Capital Management - Chicago 5,ADV-000032,Morgan Lee 32,59,788307864.46,794440145.34,571533.2400000001,310543.47000000003,0.007011864406779662,0.00777904313335841,5263.448644067797
2026-06-30,100001,BR-00007,Cedar Ridge Capital Management - Chicago 5,ADV-000033,Casey Campbell 33,45,206026540.71,209612558.92000002,-150587.32,113777.14,0.007615555555555556,0.01740561287706925,2528.380888888889
2026-06-30,100001,BR-00007,Cedar Ridge Capital Management - Chicago 5,ADV-000034,Cameron Rivera 34,38,122279673.79,124618899.61,176425.44000000003,68942.53,0.009221052631578948,0.01913012807032279,1814.2771052631579
2026-06-30,100001,BR-00007,Cedar Ridge Capital Management - Chicago 5,ADV-000035,Jordan Brooks 35,42,114691164.08,115693113.94,398125.86,59008.25,0.009557142857142856,0.008736068449886112,1404.9583333333333
2026-06-30,100001,BR-00007,Cedar Ridge Capital Management - Chicago 5,ADV-000036,Cameron Morgan 36,54,104010240.3,104333932.95,70351.01999999999,59207.75,0.009827777777777777,0.0031121228935378775,1096.4398148148148
2026-06-30,100001,BR-00007,Cedar Ridge Capital Management - Chicago 5,ADV-000037,Casey Campbell 37,15,44999942.21,45012410.77,-127574.32,22252.190000000002,0.008159999999999999,0.00027707946694277287,1483.4793333333334
2026-07-31,100000,BR-00001,Northstar Wealth Advisors - White Plains 1,ADV-000001,Morgan Parker 1,45,156077028.4,155434599.07999998,1072363.77,50715.68,0.01037111111111111,-0.004116104250483171,1127.015111111111
2026-07-31,100000,BR-00001,Northstar Wealth Advisors - White Plains 1,ADV-000002,Casey Campbell 2,50,179252854.18,180953965.42,172414.14,95660.79,0.007888000000000001,0.009490009226250746,1913.2158
2026-07-31,100000,BR-00001,Northstar Wealth Advisors - White Plains 1,ADV-000003,Taylor Patel 3,32,64759992.47,64902041.28,32555.19999999999,31231.39,0.009734375,0.002193465511377358,975.9809375
2026-07-31,100000,BR-00001,Northstar Wealth Advisors - White Plains 1,ADV-000004,Cameron Lee 4,56,80876361.92999999,82021527.81,615159.7300000001,40453.0,0.010667857142857144,0.014159463317491613,722.375
2026-07-31,100000,BR-00001,Northstar Wealth Advisors - White Plains 1,ADV-000005,Morgan Parker 5,24,58901923.69,57808748.68,146026.38999999998,34987.37,0.008845833333333332,-0.01855924121856126,1457.8070833333334
2026-07-31,100000,BR-00001,Northstar Wealth Advisors - White Plains 1,ADV-000006,Avery Patel 6,21,48617001.980000004,47636517.05,56003.170000000006,26946.45,0.009157142857142857,-0.020167531728989743,1283.1642857142858
2026-07-31,100000,BR-00002,Northstar Wealth Advisors - Colorado Springs 2,ADV-000007,Casey Chen 7,35,489904222.59000003,491946315.7,-244719.27999999997,175265.26,0.005685714285714286,0.004168351722309972,5007.5788571428575
2026-07-31,100000,BR-00002,Northstar Wealth Advisors - Colorado Springs 2,ADV-000008,Casey Parker 8,21,87463631.32,88227662.82,144763.02,55239.19,0.008276190476190477,0.008735419379109311,2630.437619047619
2026-07-31,100000,BR-00002,Northstar Wealth Advisors - Colorado Springs 2,ADV-000009,Taylor Brooks 9,58,133473928.91,132679796.43,576360.85,72171.6,0.00956896551724138,-0.005949719817833969,1244.3379310344828
2026-07-31,100000,BR-00002,Northstar Wealth Advisors - Colorado Springs 2,ADV-000010,Riley Patel 10,51,173454467.93,174414799.68,-917416.4400000001,83381.45,0.009368627450980393,0.005536506274301077,1634.9303921568626
2026-07-31,100000,BR-00002,Northstar Wealth Advisors - Colorado Springs 2,ADV-000011,Taylor Brooks 11,43,134781869.16,132967275.36,-146050.11000000002,70100.01,0.009513953488372093,-0.01346318916119116,1630.2327906976743
2026-07-31,100000,BR-00002,Northstar Wealth Advisors - Colorado Springs 2,ADV-000012,Taylor Patel 12,39,125964545.98,123900719.93,-283216.43000000005,60096.28,0.01021025641025641,-0.01638418202473957,1540.9302564102563
2026-07-31,100001,BR-00003,Cedar Ridge Capital Management - Naperville 1,ADV-000013,Riley Rivera 13,35,58356130.05,58803227.94,-48042.95,24766.620000000003,0.010705714285714285,0.007661541120306017,707.6177142857143
2026-07-31,100001,BR-00003,Cedar Ridge Capital Management - Naperville 1,ADV-000014,Avery Lee 14,44,123820895.87,124285575.03,724258.04,57052.78,0.010170454545454545,0.0037528331283264555,1296.6540909090909
2026-07-31,100001,BR-00003,Cedar Ridge Capital Management - Naperville 1,ADV-000015,Jordan Patel 15,34,92501698.63,93972109.91,49490.73999999999,56308.229999999996,0.009291176470588235,0.015896046254042732,1656.1244117647057
2026-07-31,100001,BR-00003,Cedar Ridge Capital Management - Naperville 1,ADV-000016,Alex Parker 16,55,176616785.16,180891508.06,1264664.1400000001,79850.63,0.009083636363636363,0.024203378496146136,1451.8296363636364
2026-07-31,100001,BR-00003,Cedar Ridge Capital Management - Naperville 1,ADV-000017,Riley Brooks 17,44,184798711.57999998,186759834.56,260021.2,100405.73,0.007888636363636363,0.010612211325678222,2281.948409090909
2026-07-31,100001,BR-00003,Cedar Ridge Capital Management - Naperville 1,ADV-000018,Taylor Lee 18,21,20300289.21,20246750.85,-146338.59,13145.900000000001,0.010985714285714284,-0.002637320062101687,625.9952380952382
2026-07-31,100001,BR-00004,Cedar Ridge Capital Management - Chicago 2,ADV-000019,Casey Brooks 19,44,177267428.14,178742946.93,437903.74,88744.24,0.008215909090909091,0.008323688144415935,2016.9145454545455
2026-07-31,100001,BR-00004,Cedar Ridge Capital Management - Chicago 2,ADV-000020,Riley Patel 20,51,78346336.05,78646465.12,-229603.24999999994,47363.77,0.011027450980392157,0.0038307990536847543,928.7013725490195
2026-07-31,100001,BR-00004,Cedar Ridge Capital Management - Chicago 2,ADV-000021,Cameron Parker 21,41,150548465.97,153678036.23,1584634.56,87154.8,0.008763414634146342,0.02078779242176818,2125.726829268293
2026-07-31,100001,BR-00004,Cedar Ridge Capital Management - Chicago 2,ADV-000022,Morgan Brooks 22,39,161834455.72,162199968.97,516266.71,92724.99,0.008158974358974358,0.002258562605681435,2377.5638461538465
2026-07-31,100001,BR-00005,Cedar Ridge Capital Management - Chicago 3,ADV-000023,Riley Patel 23,28,46555790.73,47027439.089999996,218896.79,27010.07,0.009328571428571427,0.010130820518876394,964.6453571428572
2026-07-31,100001,BR-00005,Cedar Ridge Capital Management - Chicago 3,ADV-000024,Riley Campbell 24,31,79949117.18,81367317.12,1074803.69,39183.96,0.009416129032258065,0.01773878174047897,1263.9987096774194
2026-07-31,100001,BR-00005,Cedar Ridge Capital Management - Chicago 3,ADV-000025,Casey Chen 25,25,129027700.66,131406455.95,955892.3,61919.67,0.007228,0.018436004655064328,2476.7868
2026-07-31,100001,BR-00006,Cedar Ridge Capital Management - Naperville 4,ADV-000026,Avery Lee 26,19,58165294.449999996,58965344.379999995,406487.62,32820.88,0.008552631578947369,0.013754764547572917,1727.4147368421052
2026-07-31,100001,BR-00006,Cedar Ridge Capital Management - Naperville 4,ADV-000027,Taylor Campbell 27,42,231434782.7,234906332.59,1067307.05,92223.36,0.00815,0.015000121630377627,2195.7942857142857
2026-07-31,100001,BR-00006,Cedar Ridge Capital Management - Naperville 4,ADV-000028,Riley Chen 28,41,193372207.33,194884394.89,714398.8,84254.5,0.0076585365853658535,0.007820087389390678,2054.987804878049
2026-07-31,100001,BR-00006,Cedar Ridge Capital Management - Naperville 4,ADV-000029,Cameron Brooks 29,48,128656516.7,129037713.3,1314433.78,58959.78,0.010747916666666668,0.0029629016063668543,1228.32875
2026-07-31,100001,BR-00007,Cedar Ridge Capital Management - Chicago 5,ADV-000030,Jordan Chen 30,22,116407327.53999999,118365456.91,43014.930000000015,51965.51,0.008136363636363636,0.016821358340411607,2362.0686363636364
2026-07-31,100001,BR-00007,Cedar Ridge Capital Management - Chicago 5,ADV-000031,Cameron Patel 31,56,145045711.48999998,144966513.66,1377590.6400000001,83504.41,0.00995,-0.0005460197973894838,1491.1501785714286
2026-07-31,100001,BR-00007,Cedar Ridge Capital Management - Chicago 5,ADV-000032,Morgan Lee 32,59,794440145.34,802603965.17,179381.64,312841.39,0.007011864406779662,0.01027619245815683,5302.396440677966
2026-07-31,100001,BR-00007,Cedar Ridge Capital Management - Chicago 5,ADV-000033,Casey Campbell 33,45,209612558.92000002,213676814.1,1191570.49,115843.92,0.007615555555555556,0.019389368656823308,2574.309333333333
2026-07-31,100001,BR-00007,Cedar Ridge Capital Management - Chicago 5,ADV-000034,Cameron Rivera 34,38,124618899.61,123284380.42,-284442.18,69239.7,0.009221052631578948,-0.010708802550627798,1822.0973684210526
2026-07-31,100001,BR-00007,Cedar Ridge Capital Management - Chicago 5,ADV-000035,Jordan Brooks 35,42,115693113.94,117432511.94,146576.21000000008,59625.16,0.009557142857142856,0.015034585385108358,1419.6466666666668
2026-07-31,100001,BR-00007,Cedar Ridge Capital Management - Chicago 5,ADV-000036,Cameron Morgan 36,54,104333932.95,105599612.98,637229.06,59521.24,0.009827777777777777,0.012131048779753694,1102.2451851851852
2026-07-31,100001,BR-00007,Cedar Ridge Capital Management - Chicago 5,ADV-000037,Casey Campbell 37,15,45012410.77,44795383.65,-101778.18,22247.94,0.008159999999999999,-0.004821495145171154,1483.196
2026-08-31,100000,BR-00001,Northstar Wealth Advisors - White Plains 1,ADV-000001,Morgan Parker 1,45,155434599.07999998,131642469.06,-23359199.88,50849.86,0.01037111111111111,-0.15306842981435884,1129.9968888888889
2026-08-31,100000,BR-00001,Northstar Wealth Advisors - White Plains 1,ADV-000002,Casey Campbell 2,50,180953965.42,177599145.02,-4693172.17,96589.67,0.007888000000000001,-0.01853963460935122,1931.7934
2026-08-31,100000,BR-00001,Northstar Wealth Advisors - White Plains 1,ADV-000003,Taylor Patel 3,32,64902041.28,63359440.1,-3440790.4400000004,31786.95,0.009734375,-0.023768145802146944,993.3421875
2026-08-31,100000,BR-00001,Northstar Wealth Advisors - White Plains 1,ADV-000004,Cameron Lee 4,56,82021527.81,75670772.94,-8284772.9399999995,40982.76,0.010667857142857144,-0.07742790264418514,731.835
2026-08-31,100000,BR-00001,Northstar Wealth Advisors - White Plains 1,ADV-000005,Morgan Parker 5,24,57808748.68,58712536.45,-756081.32,35292.96,0.008845833333333332,0.015634100212113488,1470.54
2026-08-31,100000,BR-00001,Northstar Wealth Advisors - White Plains 1,ADV-000006,Avery Patel 6,21,47636517.05,47583795.64,45886.92000000001,26722.54,0.009157142857142857,-0.001106743592203839,1272.5019047619048
2026-08-31,100000,BR-00002,Northstar Wealth Advisors - Colorado Springs 2,ADV-000007,Casey Chen 7,35,491946315.7,491652032.04,-358758.69999999995,175924.66,0.005685714285714286,-0.0005982027928824402,5026.418857142858
2026-08-31,100000,BR-00002,Northstar Wealth Advisors - Colorado Springs 2,ADV-000008,Casey Parker 8,21,88227662.82,88955494.01,382958.68,55702.96,0.008276190476190477,0.00824946696689582,2652.521904761905
2026-08-31,100000,BR-00002,Northstar Wealth Advisors - Colorado Springs 2,ADV-000009,Taylor Brooks 9,58,132679796.43,128800568.81,-2703057.51,71972.09999999999,0.00956896551724138,-0.029237515615624498,1240.8982758620689
2026-08-31,100000,BR-00002,Northstar Wealth Advisors - Colorado Springs 2,ADV-000010,Riley Patel 10,51,174414799.68,174027528.4,-1154408.9,83909.12,0.009368627450980393,-0.0022204037771481,1645.276862745098
2026-08-31,100000,BR-00002,Northstar Wealth Advisors - Colorado Springs 2,ADV-000011,Taylor Brooks 11,43,132967275.36,130476558.91,-2165740.36,69956.85,0.009513953488372093,-0.018731800311441706,1626.903488372093
2026-08-31,100000,BR-00002,Northstar Wealth Advisors - Colorado Springs 2,ADV-000012,Taylor Patel 12,39,123900719.93,119770130.23,-3868379.33,59865.12,0.01021025641025641,-0.033337899104489914,1535.003076923077
2026-08-31,100001,BR-00003,Cedar Ridge Capital Management - Naperville 1,ADV-000013,Riley Rivera 13,35,58803227.94,59197697.32,-319066.9700000002,25196.47,0.010705714285714285,0.006708294660328858,719.8991428571429
2026-08-31,100001,BR-00003,Cedar Ridge Capital Management - Naperville 1,ADV-000014,Avery Lee 14,44,124285575.03,123325424.55,-629466.64,57356.25,0.010170454545454545,-0.007725357345518524,1303.5511363636363
2026-08-31,100001,BR-00003,Cedar Ridge Capital Management - Naperville 1,ADV-000015,Jordan Patel 15,34,93972109.91,93178568.17,-648082.96,56882.56,0.009291176470588235,-0.008444438895327498,1673.0164705882353
2026-08-31,100001,BR-00003,Cedar Ridge Capital Management - Naperville 1,ADV-000016,Alex Parker 16,55,180891508.06,172264753.35,-8507219.56,80906.89,0.009083636363636363,-0.047690213888529225,1471.0343636363637
2026-08-31,100001,BR-00003,Cedar Ridge Capital Management - Naperville 1,ADV-000017,Riley Brooks 17,44,186759834.56,171698110.09,-15285288.97,101038.18,0.007888636363636363,-0.08064755735881285,2296.322272727273
2026-08-31,100001,BR-00003,Cedar Ridge Capital Management - Naperville 1,ADV-000018,Taylor Lee 18,21,20246750.85,20025600.38,-352253.66,13188.93,0.010985714285714284,-0.010922763441819234,628.0442857142857
2026-08-31,100001,BR-00004,Cedar Ridge Capital Management - Chicago 2,ADV-000019,Casey Brooks 19,44,178742946.93,157018919.32,-22535151.419999998,89383.07,0.008215909090909091,-0.12153781720130004,2031.4334090909092
2026-08-31,100001,BR-00004,Cedar Ridge Capital Management - Chicago 2,ADV-000020,Riley Patel 20,51,78646465.12,78024746.87,-577770.38,47565.63,0.011027450980392157,-0.007905228150449898,932.6594117647059
2026-08-31,100001,BR-00004,Cedar Ridge Capital Management - Chicago 2,ADV-000021,Cameron Parker 21,41,153678036.23,154232179.73,-510714.85000000003,88516.45,0.008763414634146342,0.0036058731201552394,2158.9378048780486
2026-08-31,100001,BR-00004,Cedar Ridge Capital Management - Chicago 2,ADV-000022,Morgan Brooks 22,39,162199968.97,156764316.72,-6728364.5,93121.65,0.008158974358974358,-0.033512042477673726,2387.734615384615
2026-08-31,100001,BR-00005,Cedar Ridge Capital Management - Chicago 3,ADV-000023,Riley Patel 23,28,47027439.089999996,44363133.99,-3133990.39,27348.29,0.009328571428571427,-0.05665426720134835,976.7246428571428
2026-08-31,100001,BR-00005,Cedar Ridge Capital Management - Chicago 3,ADV-000024,Riley Campbell 24,31,81367317.12,73293590.33,-7891603.68,39239.38,0.009416129032258065,-0.09922567285944706,1265.7864516129032
2026-08-31,100001,BR-00005,Cedar Ridge Capital Management - Chicago 3,ADV-000025,Casey Chen 25,25,131406455.95,121288798.52,-11197828.41,62741.38,0.007228,-0.07699513206451412,2509.6551999999997
2026-08-31,100001,BR-00006,Cedar Ridge Capital Management - Naperville 4,ADV-000026,Avery Lee 26,19,58965344.379999995,58073081.92,-1304440.2600000002,33275.57,0.008552631578947369,-0.015131980816559653,1751.3457894736841
2026-08-31,100001,BR-00006,Cedar Ridge Capital Management - Naperville 4,ADV-000027,Taylor Campbell 27,42,234906332.59,188738387.83,-47182082.1,92978.56,0.00815,-0.19653767631960964,2213.775238095238
2026-08-31,100001,BR-00006,Cedar Ridge Capital Management - Naperville 4,ADV-000028,Riley Chen 28,41,194884394.89,152665538.78,-43943613.56,85237.01,0.0076585365853658535,-0.21663538598783078,2078.951463414634
2026-08-31,100001,BR-00006,Cedar Ridge Capital Management - Naperville 4,ADV-000029,Cameron Brooks 29,48,129037713.3,108861518.21,-21709776.9,59537.65,0.010747916666666668,-0.15635890139413997,1240.3677083333334
2026-08-31,100001,BR-00007,Cedar Ridge Capital Management - Chicago 5,ADV-000030,Jordan Chen 30,22,118365456.91,110827035.34,-8663278.79,52597.73,0.008136363636363636,-0.06368768192000378,2390.805909090909
2026-08-31,100001,BR-00007,Cedar Ridge Capital Management - Chicago 5,ADV-000031,Cameron Patel 31,56,144966513.66,141812813.12,-3396533.5,83827.04000000001,0.00995,-0.021754682929028588,1496.9114285714288
2026-08-31,100001,BR-00007,Cedar Ridge Capital Management - Chicago 5,ADV-000032,Morgan Lee 32,59,802603965.17,760610266.6,-49053351.39,316519.59,0.007011864406779662,-0.05232181797295909,5364.738813559323
2026-08-31,100001,BR-00007,Cedar Ridge Capital Management - Chicago 5,ADV-000033,Casey Campbell 33,45,213676814.1,215456165.6,914019.06,117557.04000000001,0.007615555555555556,0.00832730264860309,2612.378666666667
2026-08-31,100001,BR-00007,Cedar Ridge Capital Management - Chicago 5,ADV-000034,Cameron Rivera 34,38,123284380.42,122349907.65,-2521472.07,69447.44,0.009221052631578948,-0.0075798147893226505,1827.564210526316
2026-08-31,100001,BR-00007,Cedar Ridge Capital Management - Chicago 5,ADV-000035,Jordan Brooks 35,42,117432511.94,112253778.11,-4342444.65,59812.74,0.009557142857142856,-0.044099659833947674,1424.1128571428571
2026-08-31,100001,BR-00007,Cedar Ridge Capital Management - Chicago 5,ADV-000036,Cameron Morgan 36,54,105599612.98,98081465.38,-7754643.53,59728.18,0.009827777777777777,-0.07119484047184818,1106.0774074074075
2026-08-31,100001,BR-00007,Cedar Ridge Capital Management - Chicago 5,ADV-000037,Casey Campbell 37,15,44795383.65,39891172.25,-4425823.350000001,22053.46,0.008159999999999999,-0.10948028569903762,1470.2306666666666
